#,Ingredient,Category,Type (Discrete/Bulk),In Roboflow Dataset?,Notes
1,Apple,Produce,Discrete,,
2,Banana,Produce,Discrete,,
3,Orange,Produce,Discrete,,
4,Lemon,Produce,Discrete,,
5,Lime,Produce,Discrete,,
6,Avocado,Produce,Discrete,,
7,Tomato,Produce,Discrete,,
8,Onion,Produce,Discrete,,
9,Garlic (bulb),Produce,Discrete,,
10,Potato,Produce,Discrete,,
11,Sweet Potato,Produce,Discrete,,
12,Carrot,Produce,Discrete,,
13,Bell Pepper,Produce,Discrete,,
14,Jalapeño,Produce,Discrete,,
15,Cucumber,Produce,Discrete,,
16,Zucchini,Produce,Discrete,,
17,Eggplant,Produce,Discrete,,
18,Broccoli (head),Produce,Discrete,,
19,Cauliflower (head),Produce,Discrete,,
20,Corn (ear),Produce,Discrete,,
21,Mushroom,Produce,Discrete,,
22,Lettuce (head),Produce,Discrete,,
23,Cabbage (head),Produce,Discrete,,
24,Pear,Produce,Discrete,,
25,Peach,Produce,Discrete,,
26,Plum,Produce,Discrete,,
27,Kiwi,Produce,Discrete,,
28,Mango,Produce,Discrete,,
29,Celery (stalk),Produce,Discrete,,
30,Asparagus (spear),Produce,Discrete,,
31,Beet,Produce,Discrete,,
32,Radish,Produce,Discrete,,
33,Squash (butternut/acorn),Produce,Discrete,,
34,Spinach (bagged/loose),Produce,Bulk,,
35,Kale,Produce,Bulk,,
36,Green Beans,Produce,Bulk,,
37,Peas,Produce,Bulk,,
38,Shredded Carrots,Produce,Bulk,,
39,Cherry Tomatoes,Produce,Bulk,,Could also be counted if individually separated
40,Berries (strawberries/blueberries),Produce,Bulk,,As a container/clamshell
41,Fresh Basil,Produce,Bulk,,Small/visually similar to other herbs - may need extra labeled examples
42,Fresh Cilantro/Parsley,Produce,Bulk,,Small/visually similar to other herbs - may need extra labeled examples
43,Egg,Protein,Discrete,,
44,Chicken Breast,Protein,Discrete,,
45,Chicken Thigh,Protein,Discrete,,
46,Chicken Drumstick,Protein,Discrete,,
47,Sausage/Hot Dog Link,Protein,Discrete,,
48,Bacon Slice,Protein,Discrete,,
49,Shrimp,Protein,Discrete,,
50,Salmon Fillet,Protein,Discrete,,
51,Steak,Protein,Discrete,,
52,Pork Chop,Protein,Discrete,,
53,Ground Beef,Protein,Bulk,,
54,Ground Turkey,Protein,Bulk,,
55,Tofu Block,Protein,Bulk,,
56,"Deli Meat (sliced, stacked)",Protein,Bulk,,
57,Canned Tuna,Protein,Bulk,,
58,Canned Beans,Protein,Bulk,,
59,Milk (carton/jug),Dairy,Discrete,,
60,Butter (stick/block),Dairy,Discrete,,
61,Egg Carton,Dairy,Discrete,,
62,Cheese Block,Dairy,Discrete,,
63,Shredded Cheese,Dairy,Bulk,,
64,Sliced Cheese,Dairy,Discrete,,
65,Yogurt (cup),Dairy,Discrete,,
66,Sour Cream,Dairy,Bulk,,
67,Cream Cheese,Dairy,Bulk,,
68,Heavy Cream,Dairy,Bulk,,
69,Cottage Cheese,Dairy,Bulk,,
70,Parmesan (grated),Dairy,Bulk,,
71,String Cheese,Dairy,Discrete,,
72,Half & Half,Dairy,Bulk,,
73,Rice,Grains / Starches,Bulk,,
74,Pasta (dry),Grains / Starches,Bulk,,
75,Flour,Grains / Starches,Bulk,,
76,Oats,Grains / Starches,Bulk,,
77,Bread (loaf),Grains / Starches,Bulk,,
78,Tortillas (stack),Grains / Starches,Bulk,,
79,Cereal,Grains / Starches,Bulk,,
80,Quinoa,Grains / Starches,Bulk,,
81,Couscous,Grains / Starches,Bulk,,
82,Bread Crumbs,Grains / Starches,Bulk,,
83,Canned Tomatoes,Canned / Jarred / Packaged,Discrete,,
84,Canned Corn,Canned / Jarred / Packaged,Discrete,,
85,Canned Soup,Canned / Jarred / Packaged,Discrete,,
86,Jar of Pasta Sauce,Canned / Jarred / Packaged,Discrete,,
87,Jar of Salsa,Canned / Jarred / Packaged,Discrete,,
88,Jar of Peanut Butter,Canned / Jarred / Packaged,Discrete,,
89,Jar of Jam,Canned / Jarred / Packaged,Discrete,,
90,Ketchup Bottle,Canned / Jarred / Packaged,Discrete,,
91,Mustard Bottle,Canned / Jarred / Packaged,Discrete,,
92,Mayo Jar,Canned / Jarred / Packaged,Discrete,,
93,Soy Sauce,Condiments / Sauces,Bulk,,
94,Olive Oil,Condiments / Sauces,Bulk,,
95,Vegetable Oil,Condiments / Sauces,Bulk,,
96,Vinegar,Condiments / Sauces,Bulk,,
97,Hot Sauce,Condiments / Sauces,Bulk,,
98,BBQ Sauce,Condiments / Sauces,Bulk,,
99,Honey,Condiments / Sauces,Bulk,,
100,Maple Syrup,Condiments / Sauces,Bulk,,
101,Sugar,Baking / Pantry,Bulk,,
102,Brown Sugar,Baking / Pantry,Bulk,,
103,Baking Powder,Baking / Pantry,Bulk,,
104,Baking Soda,Baking / Pantry,Bulk,,
105,Salt,Baking / Pantry,Bulk,,
106,Black Pepper,Baking / Pantry,Bulk,,
107,Vanilla Extract,Baking / Pantry,Bulk,,
108,Chocolate Chips,Baking / Pantry,Bulk,,
109,,,,,
110,,,,,
111,,,,,
112,,,,,
113,,,,,
114,,,,,
115,,,,,
116,,,,,
117,,,,,
118,,,,,