epoch,train_box,train_cls,train_dfl,val_loss,lr,elapsed_s
0,1.4213,2.8265,1.4059,6.3379,3.321e-04,56
1,1.4024,1.8168,1.4085,5.8008,6.588e-04,106
2,1.3585,1.6598,1.3889,5.4961,9.789e-04,155
3,1.3496,1.5978,1.3918,5.2889,9.703e-04,202
4,1.304,1.4503,1.3579,5.2487,9.604e-04,249
5,1.2832,1.4046,1.3442,5.1603,9.505e-04,298
6,1.2548,1.3557,1.3254,4.6611,9.406e-04,346
7,1.2411,1.3065,1.3204,4.6715,9.307e-04,394
8,1.2227,1.2419,1.3147,4.7155,9.208e-04,442
9,1.2068,1.221,1.2987,4.5663,9.109e-04,489
10,1.2039,1.1699,1.2885,4.4158,9.010e-04,536
11,1.1759,1.1374,1.2728,4.427,8.911e-04,584
12,1.1701,1.1148,1.2685,4.2836,8.812e-04,632
13,1.1595,1.0706,1.2592,4.2431,8.713e-04,679
14,1.1425,1.0488,1.25,4.1166,8.614e-04,728
15,1.1408,1.0606,1.2561,4.2063,8.515e-04,776
16,1.1315,1.0246,1.2478,4.1517,8.416e-04,824
17,1.1125,0.9764,1.2312,4.0473,8.317e-04,871
18,1.1293,0.9869,1.2422,4.0843,8.218e-04,920
19,1.1066,0.9592,1.2356,4.0472,8.119e-04,967
20,1.0818,0.9313,1.2153,4.0089,8.020e-04,1014
21,1.0889,0.9298,1.2189,4.0201,7.921e-04,1059
22,1.0908,0.9282,1.2212,4.0065,7.822e-04,1104
23,1.0705,0.905,1.2075,3.852,7.723e-04,1150
24,1.0736,0.8832,1.2047,3.801,7.624e-04,1195
25,1.0547,0.8626,1.1975,3.8117,7.525e-04,1241
26,1.0455,0.8548,1.1913,3.8261,7.426e-04,1286
27,1.0526,0.8516,1.198,3.8706,7.327e-04,1332
28,1.0479,0.8515,1.1917,3.7734,7.228e-04,1377
29,1.0352,0.8407,1.1887,3.7752,7.129e-04,1423
30,1.0258,0.8167,1.182,3.7713,7.030e-04,1468
31,1.02,0.8083,1.1773,3.7452,6.931e-04,1513
32,1.0158,0.7948,1.1751,3.7139,6.832e-04,1559
33,1.0045,0.7857,1.1703,3.6702,6.733e-04,1604
34,1.0033,0.7839,1.1657,3.6468,6.634e-04,1650
35,0.9976,0.7727,1.1635,3.6833,6.535e-04,1695
36,0.9908,0.7447,1.1529,3.6218,6.436e-04,1741
37,1.0002,0.7636,1.1601,3.6382,6.337e-04,1786
38,0.9854,0.7522,1.1509,3.6113,6.238e-04,1831
39,0.9704,0.7248,1.1386,3.5786,6.139e-04,1877
40,0.9612,0.717,1.1401,3.5712,6.040e-04,1922
41,0.9565,0.7316,1.1403,3.5028,5.941e-04,1968
42,0.9676,0.7147,1.1444,3.5675,5.842e-04,2013
43,0.9443,0.6951,1.1277,3.5642,5.743e-04,2059
44,0.9524,0.6917,1.1341,3.5365,5.644e-04,2107
45,0.9416,0.6992,1.1295,3.4962,5.545e-04,2154
46,0.9483,0.6871,1.1302,3.4791,5.446e-04,2202
47,0.9314,0.6699,1.1176,3.5133,5.347e-04,2251
48,0.9308,0.6673,1.1192,3.5083,5.248e-04,2299
49,0.9308,0.6668,1.1224,3.4937,5.149e-04,2347
50,0.9173,0.6493,1.1142,3.4827,5.050e-04,2396
51,0.9167,0.6468,1.1121,3.4961,4.951e-04,2442
52,0.906,0.6649,1.1104,3.4742,4.852e-04,2488
53,0.9131,0.6347,1.1061,3.4583,4.753e-04,2537
54,0.9086,0.6356,1.1073,3.4485,4.654e-04,2585
55,0.8967,0.6428,1.0998,3.4308,4.555e-04,2634
56,0.8909,0.6221,1.0958,3.4064,4.456e-04,2682
57,0.8936,0.6176,1.1012,3.4284,4.357e-04,2731
58,0.884,0.6165,1.0923,3.4294,4.258e-04,2778
59,0.8793,0.6064,1.0869,3.4466,4.159e-04,2826
60,0.8709,0.5965,1.0892,3.4481,4.060e-04,2873
61,0.8772,0.5988,1.088,3.3977,3.961e-04,2920
62,0.8623,0.594,1.0876,3.4403,3.862e-04,2966
63,0.8705,0.5892,1.085,3.4431,3.763e-04,3012
64,0.855,0.5807,1.0808,3.4213,3.664e-04,3058
65,0.8481,0.5812,1.0748,3.4115,3.565e-04,3105
66,0.8507,0.5744,1.0761,3.3865,3.466e-04,3151
67,0.8515,0.5735,1.0722,3.381,3.367e-04,3198
68,0.8365,0.566,1.0677,3.3804,3.268e-04,3244
69,0.8544,0.5798,1.0822,3.3737,3.169e-04,3290
70,0.8475,0.5704,1.0763,3.3889,3.070e-04,3336
71,0.8276,0.5782,1.0644,3.369,2.971e-04,3382
72,0.8159,0.5506,1.0556,3.3853,2.872e-04,3429
73,0.8151,0.537,1.0542,3.3833,2.773e-04,3475
74,0.8093,0.5273,1.0491,3.3812,2.674e-04,3521
75,0.8174,0.5367,1.057,3.3486,2.575e-04,3567
76,0.8089,0.5316,1.0484,3.3581,2.476e-04,3614
77,0.8084,0.5348,1.0511,3.3525,2.377e-04,3661
78,0.7904,0.5185,1.0428,3.3443,2.278e-04,3709
79,0.7951,0.5185,1.047,3.3579,2.179e-04,3757
80,0.7863,0.5254,1.0404,3.3558,2.080e-04,3804
81,0.7981,0.5188,1.0494,3.3715,1.981e-04,3852
82,0.7817,0.5105,1.0396,3.3543,1.882e-04,3898
83,0.7886,0.5176,1.0479,3.3602,1.783e-04,3944
84,0.7768,0.4975,1.0352,3.3472,1.684e-04,3990
85,0.7746,0.4915,1.0336,3.3525,1.585e-04,4037
86,0.7734,0.513,1.0376,3.3596,1.486e-04,4083
87,0.7681,0.4882,1.0287,3.3515,1.387e-04,4129
88,0.7587,0.4819,1.0287,3.359,1.288e-04,4175
89,0.7583,0.4782,1.0242,3.3607,1.189e-04,4221
90,0.7554,0.4759,1.0241,3.3527,1.090e-04,4267
91,0.75,0.476,1.0295,3.3469,9.910e-05,4313
92,0.7561,0.4734,1.026,3.3552,8.920e-05,4359
93,0.7389,0.4717,1.0169,3.3503,7.930e-05,4405
94,0.7382,0.4627,1.0161,3.3481,6.940e-05,4451
95,0.7421,0.4664,1.0181,3.3558,5.950e-05,4497
96,0.7435,0.4883,1.0266,3.3597,4.960e-05,4544
97,0.7324,0.4586,1.0125,3.3574,3.970e-05,4592
98,0.7255,0.4568,1.0119,3.3635,2.980e-05,4639
99,0.7321,0.4609,1.017,3.3568,1.990e-05,4685
